username,password_hash
sec_officer,8c590b338943fc60f8cd8f2b24459bd7da30eb78
analyst_01,3f34f0b79de8e6493c55f961abc8555fad0267d7
dev_ninja,e5680e03bf900497dc9e85d259219bf25ee6ec64
admin_root,cb7269cc7ffc0a0e8dab3623977d3a29396d610c
help_operator,d9208f0f59c970ffe671f8a0756d060a83ece98a
auditor_k,cf22244da5d9b28615ce8e3c760244583284b3a8
trainee_bob,726a1194a2f26d65e177b61ad681197a501f1be1
guest_temp,fe4b987ebd2811a3c1bf49a0d6b7efe050f998cf
cloud_eng,4ee8fd96397f9fb0026dd61d58a8312f5e74f291
soc_lead,c59ec6b35d77e4cd5c4b57534806fa72d1cf9eee
